,Iteration 1 (RF),Iteration 2 (XGB)
train_accuracy,0.8265625,0.915625
test_accuracy,0.75625,0.71875
test_precision,0.0,0.2857142857142857
test_recall,0.0,0.10256410256410256
test_f1,0.0,0.1509433962264151
test_roc_auc,0.44585717312990036,0.4615384615384615
cv_f1_mean,0.012121212121212121,0.14297377487580398
cv_f1_std,0.02424242424242424,0.03839543847379531
