,Iteration 1 (RF),Iteration 2 (XGB)
train_accuracy,0.8265625,0.9234375
test_accuracy,0.75625,0.70625
test_precision,0.0,0.2777777777777778
test_recall,0.0,0.1282051282051282
test_f1,0.0,0.17543859649122806
test_roc_auc,0.44585717312990036,0.4670481034117398
cv_f1_mean,0.012121212121212121,0.15500414173953062
cv_f1_std,0.02424242424242424,0.022290184982919427
