,Iteration 1 (RF),Iteration 2 (XGB)
train_accuracy,0.8265625,0.921875
test_accuracy,0.75625,0.70625
test_precision,0.0,0.25
test_recall,0.0,0.10256410256410256
test_f1,0.0,0.14545454545454548
test_roc_auc,0.44585717312990036,0.4689552871371054
cv_f1_mean,0.012121212121212121,0.14411694890722246
cv_f1_std,0.02424242424242424,0.027288913071581874
